patient_id,first_name,last_name,dob,email,phone
1,Joel,Jackson,1939-12-23,joel.jackson1@example.com,895.265.2036
2,Gerald,Martinez,1975-10-09,gerald.martinez2@example.com,960-617-1289
3,Kyle,Brown,1986-02-01,kyle.brown3@example.com,904.532.7325
4,Mark,Cox,1987-07-13,mark.cox4@example.com,981.949.4591
5,William,Yates,1962-08-12,william.yates5@example.com,2043716385
6,Traci,Mitchell,1950-04-24,traci.mitchell6@example.com,001-290-787-3449
7,Cheryl,Green,1987-06-23,cheryl.green7@example.com,763.910.2303x422
8,Mario,Butler,1936-06-10,mario.butler8@example.com,458.618.2445x10148
9,Zachary,Mcclure,1949-09-21,zachary.mcclure9@example.com,(524)449-2609x5007
10,Andrea,Campbell,1970-06-18,andrea.campbell10@example.com,001-328-392-3546x501
11,Kevin,Sanchez,1955-09-12,kevin.sanchez11@example.com,001-770-730-3062x31080
12,Katherine,Johnson,1987-06-20,katherine.johnson12@example.com,706-695-5168
13,Bryan,Benson,1980-09-20,bryan.benson13@example.com,(953)247-0418x34622
14,Shannon,Leach,1959-11-29,shannon.leach14@example.com,(761)653-7622
15,Jeffrey,Short,1935-04-13,jeffrey.short15@example.com,+1-290-251-4826x51998
16,Adam,Allen,1955-08-23,adam.allen16@example.com,247-358-6539
17,Teresa,Thomas,1984-09-02,teresa.thomas17@example.com,001-283-219-4013x2671
18,Virginia,Walter,2001-07-18,virginia.walter18@example.com,(914)892-2502x968
19,Antonio,Fox,1962-09-30,antonio.fox19@example.com,+1-599-718-1679x8083
20,Julian,Richardson,1938-03-24,julian.richardson20@example.com,001-529-487-8419
21,Gina,Brewer,1947-02-08,gina.brewer21@example.com,(857)686-9371
22,Elizabeth,Wilkins,1986-08-24,elizabeth.wilkins22@example.com,534.786.0316
23,Gail,Davis,1975-02-07,gail.davis23@example.com,552.389.0957x547
24,Kristina,Flores,1981-10-19,kristina.flores24@example.com,(554)487-3915
25,Samantha,Stokes,1983-05-05,samantha.stokes25@example.com,7207660193
26,Ethan,Wells,1975-01-06,ethan.wells26@example.com,(249)621-4271x359
27,William,Daniels,1949-06-12,william.daniels27@example.com,577.570.0315
28,Cory,Patton,1950-06-27,cory.patton28@example.com,+1-641-381-2286
29,Nicole,Hampton,1950-12-29,nicole.hampton29@example.com,947.857.0804x19179
30,Justin,Simpson,1986-01-07,justin.simpson30@example.com,490-635-4833x40756
31,Lori,Snow,1987-11-24,lori.snow31@example.com,975-398-2941
32,Carla,Zimmerman,1953-08-23,carla.zimmerman32@example.com,455.904.3299x306
33,Ryan,Schneider,1954-02-24,ryan.schneider33@example.com,+1-857-828-4960x585
34,Jessica,Myers,1980-11-04,jessica.myers34@example.com,714.317.4363x438
35,Nicole,Lucas,1976-07-10,nicole.lucas35@example.com,340-279-4052x000
36,Melissa,Garcia,1975-02-11,melissa.garcia36@example.com,232.957.7654
37,Julie,Perkins,1998-09-10,julie.perkins37@example.com,344-346-2977x71844
38,Jeremy,Phillips,1999-04-10,jeremy.phillips38@example.com,(950)428-0592
39,Wayne,Atkins,1974-09-01,wayne.atkins39@example.com,001-593-222-9272x0290
40,Ashley,Johnson,1939-05-22,ashley.johnson40@example.com,+1-804-450-9439x4776
41,Claire,Martin,1951-01-31,claire.martin41@example.com,(427)795-0112x28001
42,Richard,Brown,1966-01-27,richard.brown42@example.com,9407184126
43,Brittany,Ramsey,1969-11-20,brittany.ramsey43@example.com,625-275-9014
44,Crystal,Evans,1974-06-03,crystal.evans44@example.com,001-475-847-6084x043
45,Andrew,Burke,1934-11-17,andrew.burke45@example.com,966.727.5605x7927
46,Ryan,Thomas,1976-01-05,ryan.thomas46@example.com,+1-290-695-5640x0478
47,Steven,Jones,1968-03-27,steven.jones47@example.com,922-856-1326
48,Martin,Vasquez,1985-04-01,martin.vasquez48@example.com,001-457-771-4531x422
49,Ronald,Keller,1979-03-29,ronald.keller49@example.com,(546)230-1805x0504
50,Heather,Terry,1971-01-04,heather.terry50@example.com,607.293.6645x05447
51,Mark,Alexander,1936-11-26,mark.alexander51@example.com,(342)587-1654x280
52,Mark,Faulkner,1961-10-14,mark.faulkner52@example.com,001-431-602-7614
53,Jose,Perez,1944-08-31,jose.perez53@example.com,528-949-4162x84446
54,John,Rodriguez,1995-08-22,john.rodriguez54@example.com,238.529.3656x93912
55,William,Crawford,1994-12-08,william.crawford55@example.com,720.561.7776
56,Ronald,Becker,1935-07-31,ronald.becker56@example.com,+1-386-262-9496x253
57,Elizabeth,Lewis,1951-11-25,elizabeth.lewis57@example.com,549-718-5465x536
58,Randall,Jensen,1961-05-09,randall.jensen58@example.com,666.704.7557x387
59,Fred,Oneal,1976-02-23,fred.oneal59@example.com,311-932-3469
60,John,Newman,1960-05-04,john.newman60@example.com,+1-441-663-9218x895
61,Joshua,Murphy,1986-04-17,joshua.murphy61@example.com,349.745.6120x7538
62,Keith,Anderson,1988-05-12,keith.anderson62@example.com,495-548-9102x9339
63,Tonya,Williams,1952-04-25,tonya.williams63@example.com,486.471.9123x80366
64,Nancy,Allen,1974-09-18,nancy.allen64@example.com,(269)461-4651x94065
65,Laura,Brown,1967-02-04,laura.brown65@example.com,487.347.7263
66,Mary,Jones,1938-07-27,mary.jones66@example.com,855.576.5911x019
67,Luis,Bernard,1995-05-02,luis.bernard67@example.com,(625)782-3427x99179
68,Samantha,Conley,1990-06-03,samantha.conley68@example.com,839.980.2732
69,Donald,Walters,1943-07-29,donald.walters69@example.com,6489532566
70,Kevin,Patel,1944-04-13,kevin.patel70@example.com,001-906-827-5961
71,David,Osborne,1940-09-24,david.osborne71@example.com,001-359-616-3709x0781
72,Joy,Shah,1959-04-17,joy.shah72@example.com,271-318-1330x95531
73,Rose,Hobbs,2007-06-30,rose.hobbs73@example.com,001-680-965-4371x6197
74,Stacy,Matthews,1935-04-19,stacy.matthews74@example.com,9536400438
75,Michael,Watkins,1964-04-04,michael.watkins75@example.com,210.258.6550x277
76,Curtis,Collins,1991-07-15,curtis.collins76@example.com,775-337-0280x1408
77,Tina,Mccall,1982-07-07,tina.mccall77@example.com,628-700-8458
78,Jose,Solomon,1980-02-16,jose.solomon78@example.com,+1-519-765-6669x0598
79,Marvin,Daniels,1948-03-27,marvin.daniels79@example.com,2036181865
80,Zachary,Potter,1936-10-09,zachary.potter80@example.com,(885)298-3178
81,Rebecca,Donaldson,1955-12-29,rebecca.donaldson81@example.com,001-637-305-7361x5208
82,Jennifer,Contreras,1944-12-10,jennifer.contreras82@example.com,(480)920-1269x1823
83,Jeremy,Butler,1960-09-08,jeremy.butler83@example.com,001-971-236-7448x655
84,April,Williams,1947-10-14,april.williams84@example.com,+1-893-388-6169
85,John,Pacheco,1943-07-10,john.pacheco85@example.com,+1-746-840-3971x3931
86,Samantha,Evans,1966-03-27,samantha.evans86@example.com,706-278-6942x959
87,Ryan,Miller,1956-05-05,ryan.miller87@example.com,(385)624-8981x50719
88,Christopher,King,1983-02-26,christopher.king88@example.com,+1-942-512-2141x5125
89,Bruce,Martinez,1971-06-07,bruce.martinez89@example.com,001-223-236-9795x7830
90,Brandon,Fisher,1943-09-11,brandon.fisher90@example.com,493-429-9503x6595
91,Christopher,Acevedo,2003-08-20,christopher.acevedo91@example.com,001-749-203-1023x31325
92,Tonya,Andrews,1974-08-19,tonya.andrews92@example.com,762-200-0951
93,Kara,Gentry,1974-03-14,kara.gentry93@example.com,(729)255-0759x65549
94,Todd,Cruz,1940-08-27,todd.cruz94@example.com,001-785-557-0753
95,Kimberly,Sawyer,1980-04-02,kimberly.sawyer95@example.com,001-944-604-0015x70158
96,Bonnie,Rodriguez,1935-08-22,bonnie.rodriguez96@example.com,(397)714-8135
97,Denise,Willis,1949-06-07,denise.willis97@example.com,(526)744-7625x86386
98,Kimberly,Castaneda,1958-10-23,kimberly.castaneda98@example.com,+1-458-448-3941x60508
99,Scott,Haynes,1966-10-17,scott.haynes99@example.com,222-966-2527
100,Julie,Hill,1982-12-29,julie.hill100@example.com,(656)783-2376x927
101,Lisa,Phillips,1972-07-13,lisa.phillips101@example.com,001-914-405-9201x062
102,William,Rodriguez,1993-01-30,william.rodriguez102@example.com,001-497-585-2139
103,Jesse,Shaw,1978-05-23,jesse.shaw103@example.com,913.828.2733
104,Ellen,Savage,1941-08-11,ellen.savage104@example.com,369.835.4254
105,Philip,Simmons,1981-08-31,philip.simmons105@example.com,306.617.5358x49051
106,Vanessa,Hoover,1960-05-21,vanessa.hoover106@example.com,9986503008
107,Catherine,Rivera,1987-12-01,catherine.rivera107@example.com,845.637.2288
108,Renee,Price,1966-08-26,renee.price108@example.com,001-696-357-0418x47341
109,Craig,Smith,1984-01-23,craig.smith109@example.com,5864489416
110,Tiffany,Rivera,1955-11-03,tiffany.rivera110@example.com,001-464-931-7123
111,Christina,Hernandez,2004-12-20,christina.hernandez111@example.com,512-516-5604
112,Cassandra,Hopkins,1988-07-01,cassandra.hopkins112@example.com,(798)456-7059
113,Karen,Thompson,1935-01-30,karen.thompson113@example.com,+1-971-282-3568x71259
114,Christina,Burke,1977-07-05,christina.burke114@example.com,747.256.9683
115,Teresa,Brown,1937-08-29,teresa.brown115@example.com,001-692-395-5655
116,Michael,Irwin,1982-08-27,michael.irwin116@example.com,(738)983-6811x97751
117,Julie,Boyer,1999-01-28,julie.boyer117@example.com,001-773-302-7245
118,Shannon,Ortega,1977-05-21,shannon.ortega118@example.com,(503)925-8873
119,Valerie,Savage,1984-12-07,valerie.savage119@example.com,001-792-660-4298x176
120,Victoria,Tanner,1952-07-06,victoria.tanner120@example.com,001-638-688-0524x933
121,Cristian,Hill,1959-11-29,cristian.hill121@example.com,(497)219-2935
122,Deborah,King,1964-08-15,deborah.king122@example.com,+1-432-432-6905x695
123,Cassandra,Rios,1979-05-04,cassandra.rios123@example.com,630.626.1343
124,Emily,Kline,1959-07-24,emily.kline124@example.com,(252)740-4813
125,Tristan,Hamilton,1961-09-17,tristan.hamilton125@example.com,001-813-357-9926x96930
126,Devin,Mullen,1942-08-07,devin.mullen126@example.com,+1-972-370-4685x1068
127,Charles,Turner,1950-06-26,charles.turner127@example.com,(919)852-5052x7431
128,Robert,Lowe,1973-11-12,robert.lowe128@example.com,001-386-654-4638
129,Gregory,Young,1980-07-13,gregory.young129@example.com,863.592.1717x50282
130,Ryan,James,1966-01-27,ryan.james130@example.com,(992)793-9340x92264
131,Terri,West,1958-10-22,terri.west131@example.com,535.273.0939
132,Linda,Baird,1947-08-25,linda.baird132@example.com,001-344-714-4886x46282
133,Sara,Smith,1988-02-28,sara.smith133@example.com,222-488-5788x481
134,Jo,Sweeney,1955-04-19,jo.sweeney134@example.com,+1-239-295-6377x9540
135,Daniel,Lucas,1964-10-26,daniel.lucas135@example.com,(650)648-2459
136,Megan,Beck,1991-07-02,megan.beck136@example.com,889.850.5453x155
137,Kelly,Banks,1971-05-29,kelly.banks137@example.com,405.741.3569
138,Jennifer,Taylor,2003-03-13,jennifer.taylor138@example.com,(271)444-3415
139,Richard,Jones,1960-11-18,richard.jones139@example.com,777-806-1869x005
140,Travis,Smith,1956-08-10,travis.smith140@example.com,001-242-452-9179x0852
141,Scott,Lara,1951-09-03,scott.lara141@example.com,(236)567-1552x89375
142,Craig,Kirby,1957-04-16,craig.kirby142@example.com,5312081945
143,Stephen,Little,1974-10-29,stephen.little143@example.com,881-511-8097x4243
144,Timothy,Walsh,1964-11-03,timothy.walsh144@example.com,281.208.9393
145,Steven,Molina,2002-06-16,steven.molina145@example.com,(464)720-8437x687
146,Cody,Allen,1948-09-12,cody.allen146@example.com,(649)424-5366x92119
147,Annette,Caldwell,1971-06-13,annette.caldwell147@example.com,001-527-873-7268x46754
148,Jocelyn,Jenkins,1953-05-11,jocelyn.jenkins148@example.com,5873240971
149,Sandra,Rodriguez,2004-07-06,sandra.rodriguez149@example.com,(981)968-8583x4776
150,Bryan,Wright,1949-01-05,bryan.wright150@example.com,535.625.0871x25920
151,Jennifer,Smith,1989-04-22,jennifer.smith151@example.com,611.389.4267
152,Barbara,Marks,1952-09-27,barbara.marks152@example.com,351-412-1698x8098
153,Karen,Alvarez,1972-05-21,karen.alvarez153@example.com,001-428-382-3963
154,Larry,Romero,1966-05-14,larry.romero154@example.com,2175627305
155,Thomas,Collins,1966-08-14,thomas.collins155@example.com,261-422-2716x360
156,Tina,Holt,1957-04-27,tina.holt156@example.com,6252298021
157,Tracy,Randolph,1989-03-29,tracy.randolph157@example.com,5639057546
158,Howard,Reynolds,1997-10-28,howard.reynolds158@example.com,300.901.2634x862
159,Patrick,Buck,1994-07-18,patrick.buck159@example.com,+1-691-676-9963x6664
160,Noah,May,1999-05-05,noah.may160@example.com,+1-245-858-6762x63945
161,Wesley,Reyes,1972-10-10,wesley.reyes161@example.com,(534)944-1068
162,Margaret,Holland,1968-02-19,margaret.holland162@example.com,773.488.4086
163,Mathew,Silva,1990-05-01,mathew.silva163@example.com,651.365.5225
164,Julie,Rodriguez,1995-09-07,julie.rodriguez164@example.com,(751)480-5434
165,Shannon,Reynolds,1964-03-24,shannon.reynolds165@example.com,766.577.5434
166,Debbie,Price,1935-07-03,debbie.price166@example.com,571.863.3249
167,Joshua,Castaneda,1950-05-07,joshua.castaneda167@example.com,417.953.3933x05228
168,Gary,Sanchez,1980-05-11,gary.sanchez168@example.com,001-855-247-7960x4292
169,Melissa,Bowers,1951-05-15,melissa.bowers169@example.com,754-632-0977
170,Cassandra,Herring,1950-11-18,cassandra.herring170@example.com,(210)268-6213
171,Brian,Cunningham,1951-07-31,brian.cunningham171@example.com,+1-586-246-3103x18618
172,Tiffany,Martin,1960-07-07,tiffany.martin172@example.com,408.479.6695
173,Mark,Lowe,1950-01-29,mark.lowe173@example.com,6832358993
174,Michael,Macias,1961-08-05,michael.macias174@example.com,+1-594-712-3907x16141
175,Thomas,Jackson,2005-04-06,thomas.jackson175@example.com,684.332.3316x984
176,Jeffery,Cross,1939-04-17,jeffery.cross176@example.com,001-291-428-9427x4344
177,Raymond,Potts,1936-12-22,raymond.potts177@example.com,8315628726
178,Kenneth,Bradshaw,1942-12-10,kenneth.bradshaw178@example.com,(259)394-7578x698
179,Sarah,Armstrong,1940-12-24,sarah.armstrong179@example.com,549.537.9887x351
180,Scott,Moreno,1994-11-21,scott.moreno180@example.com,921.873.8074
181,Martin,Miller,1949-05-03,martin.miller181@example.com,463-824-4387x3160
182,Amanda,Dixon,1960-07-08,amanda.dixon182@example.com,+1-222-676-5966x6239
183,Dawn,Ford,1967-01-15,dawn.ford183@example.com,(502)492-6407
184,Thomas,Stevens,1984-12-30,thomas.stevens184@example.com,695.378.2380x2806
185,Shannon,Pratt,2001-11-10,shannon.pratt185@example.com,(266)940-0262x959
186,Amanda,Moore,1957-03-28,amanda.moore186@example.com,982-225-2479x8967
187,Kelly,Clark,1971-12-07,kelly.clark187@example.com,+1-481-546-7647x349
188,Heather,Christensen,1986-08-18,heather.christensen188@example.com,(978)481-1592x67637
189,Yolanda,Charles,1961-04-01,yolanda.charles189@example.com,(998)450-7242
190,Heidi,Riley,1986-06-01,heidi.riley190@example.com,301.311.6497x8036
191,Patricia,Koch,1939-09-23,patricia.koch191@example.com,+1-288-506-8891x98997
192,Joseph,Jordan,1975-11-28,joseph.jordan192@example.com,777-689-4093x1616
193,Renee,Espinoza,1995-10-11,renee.espinoza193@example.com,001-805-398-8475x232
194,Justin,Hanson,1994-01-12,justin.hanson194@example.com,(637)558-1519x905
195,April,Jackson,1988-04-22,april.jackson195@example.com,(961)832-6983
196,Mark,Stokes,1965-10-18,mark.stokes196@example.com,(566)796-1996x4539
197,Richard,Woods,2002-02-09,richard.woods197@example.com,(884)232-1754
198,Marissa,Lawrence,1961-03-31,marissa.lawrence198@example.com,(612)216-7823x1559
199,Ryan,Kim,1958-05-06,ryan.kim199@example.com,979-920-5338x2489
200,Dustin,Jackson,1978-02-18,dustin.jackson200@example.com,9388707059
201,Michelle,Brown,1991-10-18,michelle.brown201@example.com,930-219-9546
202,Megan,Ramirez,1959-08-11,megan.ramirez202@example.com,624.366.9887
203,Lisa,Davis,2004-12-16,lisa.davis203@example.com,313.581.4399x67585
204,Holly,Maxwell,1941-03-11,holly.maxwell204@example.com,(884)581-0419x7098
205,Ronald,Barnes,1942-05-17,ronald.barnes205@example.com,741.667.3656
206,Vincent,Lee,1958-11-06,vincent.lee206@example.com,001-915-990-7830x79340
207,Monica,Parker,1965-11-06,monica.parker207@example.com,750-825-3703
208,Kenneth,Vasquez,1984-05-25,kenneth.vasquez208@example.com,001-579-311-9889x78440
209,Deanna,Sullivan,1942-04-15,deanna.sullivan209@example.com,(258)372-2493
210,Katherine,Morales,1943-09-23,katherine.morales210@example.com,+1-607-393-8586x2824
211,Deborah,Zimmerman,1998-11-21,deborah.zimmerman211@example.com,001-646-867-5838x508
212,Eric,Williams,1982-07-15,eric.williams212@example.com,001-748-799-3641x24288
213,Reginald,Riley,1966-11-10,reginald.riley213@example.com,836.242.5326
214,Dennis,Clements,1974-03-14,dennis.clements214@example.com,001-663-310-3418x4087
215,David,Smith,1996-06-12,david.smith215@example.com,314-662-3154
216,Marilyn,Cantrell,1953-04-24,marilyn.cantrell216@example.com,678.884.5253
217,Lauren,Garcia,1981-04-01,lauren.garcia217@example.com,(511)982-0572
218,Charles,Parker,2003-05-02,charles.parker218@example.com,873.333.0002x5099
219,Laura,Gonzalez,1957-08-15,laura.gonzalez219@example.com,650.498.3856x234
220,Joe,Armstrong,1961-04-12,joe.armstrong220@example.com,680-617-9449x8145
221,Danny,Andersen,1962-11-22,danny.andersen221@example.com,(575)388-0327
222,Amy,Gutierrez,1945-11-01,amy.gutierrez222@example.com,001-458-571-7814x975
223,Chloe,Mendoza,1980-11-12,chloe.mendoza223@example.com,001-320-888-1632
224,Melissa,Hale,1964-06-02,melissa.hale224@example.com,594-472-6629x6571
225,Diana,Frye,1965-02-16,diana.frye225@example.com,001-796-264-5931x617
226,Allison,Diaz,1960-04-28,allison.diaz226@example.com,(498)574-3527x7000
227,Sarah,Bryant,2000-08-15,sarah.bryant227@example.com,+1-717-483-4787x683
228,Andrew,Lyons,1978-02-22,andrew.lyons228@example.com,(826)254-9178x868
229,Joshua,Estes,1991-02-11,joshua.estes229@example.com,477-646-0773x276
230,Christian,Hernandez,1985-01-15,christian.hernandez230@example.com,+1-568-649-0043x142
231,Pamela,Duncan,1987-01-07,pamela.duncan231@example.com,2356789561
232,Sue,Day,1980-12-07,sue.day232@example.com,(232)712-1772
233,Kaitlin,Hale,1948-07-21,kaitlin.hale233@example.com,416.404.3410x0934
234,Matthew,Fowler,1996-04-04,matthew.fowler234@example.com,001-294-798-1337
235,Deanna,Vaughan,1944-03-29,deanna.vaughan235@example.com,(420)416-3939
236,Shannon,Gardner,1958-07-02,shannon.gardner236@example.com,+1-211-897-9071x909
237,Andrew,Knight,1952-01-29,andrew.knight237@example.com,001-249-387-3936x54809
238,Richard,Avila,1956-02-08,richard.avila238@example.com,658.262.9186
239,Andrea,Nguyen,1939-08-09,andrea.nguyen239@example.com,(391)482-5782
240,Sharon,Weber,2001-01-14,sharon.weber240@example.com,6389277548
241,Suzanne,Blevins,1992-10-22,suzanne.blevins241@example.com,9182533148
242,William,Johnson,1960-08-04,william.johnson242@example.com,4138184506
243,Martha,Walker,1964-01-13,martha.walker243@example.com,001-343-572-0904x87381
244,Diana,Wilson,1994-07-16,diana.wilson244@example.com,342-518-8377x515
245,Dustin,Harris,1999-05-20,dustin.harris245@example.com,853.569.1025
246,Joshua,Lopez,1984-09-11,joshua.lopez246@example.com,001-419-575-8460x603
247,Stephen,Randolph,1971-05-14,stephen.randolph247@example.com,001-516-751-1307x38088
248,Jesus,Young,1964-09-22,jesus.young248@example.com,4286846040
249,Bonnie,Kelley,1947-01-23,bonnie.kelley249@example.com,+1-430-783-4130x64308
250,Kari,Nichols,1994-03-23,kari.nichols250@example.com,(814)271-1408
251,Molly,Nelson,1949-06-28,molly.nelson251@example.com,717.668.9337
252,Adam,Williams,1964-10-14,adam.williams252@example.com,279.637.4922
253,Tyler,Barrett,1976-02-16,tyler.barrett253@example.com,+1-467-249-1314
254,Michelle,Frey,1958-08-23,michelle.frey254@example.com,+1-676-575-4280
255,Tracy,Elliott,1987-03-26,tracy.elliott255@example.com,(579)472-6996
256,Haley,Hampton,2006-01-24,haley.hampton256@example.com,+1-277-287-1019
257,Shawn,Steele,1959-04-19,shawn.steele257@example.com,865-245-4893
258,Fred,Perez,1997-06-10,fred.perez258@example.com,+1-490-863-1476
259,Shawn,West,2007-07-26,shawn.west259@example.com,755.650.0079
260,Matthew,Hernandez,1970-11-07,matthew.hernandez260@example.com,+1-416-763-7650x403
261,Brandi,Larson,1971-08-16,brandi.larson261@example.com,(442)775-7208
262,Courtney,Vazquez,1937-03-08,courtney.vazquez262@example.com,(302)429-3827
263,Rachel,Hopkins,1996-10-21,rachel.hopkins263@example.com,(921)543-0547
264,Patricia,Brown,1996-10-23,patricia.brown264@example.com,923.302.8812x9009
265,Ashley,Flores,1963-07-18,ashley.flores265@example.com,892-673-2623
266,Victor,Stevens,1973-06-17,victor.stevens266@example.com,+1-566-841-7605x170
267,Shawn,Carter,1951-04-17,shawn.carter267@example.com,+1-503-735-5408x003
268,Summer,Davis,1999-02-11,summer.davis268@example.com,871.982.2930x35670
269,Cameron,Wilson,1988-01-07,cameron.wilson269@example.com,001-958-509-7715x425
270,Amanda,Walker,1948-12-27,amanda.walker270@example.com,001-931-267-1902x42444
271,Reginald,Hayes,1935-03-08,reginald.hayes271@example.com,784-205-4255x23976
272,Brittany,Alvarez,1969-11-21,brittany.alvarez272@example.com,719.363.7586x790
273,Sandra,Rodriguez,1935-10-06,sandra.rodriguez273@example.com,001-784-516-0680x373
274,Rachel,Turner,1935-05-30,rachel.turner274@example.com,225.554.3827
275,Jill,Davis,1934-11-04,jill.davis275@example.com,(981)229-7163x75683
276,Theresa,Salinas,1955-04-02,theresa.salinas276@example.com,396-413-3294
277,Kimberly,Henderson,1948-08-09,kimberly.henderson277@example.com,(730)992-2953
278,Deanna,Bell,1952-12-31,deanna.bell278@example.com,(952)618-6987x7940
279,Timothy,Boyer,1969-12-01,timothy.boyer279@example.com,+1-734-954-6660x9072
280,Drew,Mccann,1996-12-23,drew.mccann280@example.com,270-463-6750x288
281,Tara,Martinez,1981-01-02,tara.martinez281@example.com,549.344.1419x935
282,Michael,Carr,1976-03-13,michael.carr282@example.com,697-471-2717x3085
283,Tony,Smith,1988-10-15,tony.smith283@example.com,716.595.8938x089
284,Sherry,Kim,1998-12-31,sherry.kim284@example.com,+1-322-322-8292x7921
285,Timothy,Rodriguez,1995-12-07,timothy.rodriguez285@example.com,753-805-7190x269
286,Michael,Hill,1956-07-24,michael.hill286@example.com,(977)694-2910x14577
287,Kevin,James,1981-08-01,kevin.james287@example.com,(804)866-5641x06863
288,Warren,Hooper,1955-05-25,warren.hooper288@example.com,826-998-5856x8527
289,Stephen,Hinton,1994-02-07,stephen.hinton289@example.com,(485)485-7448x653
290,Cynthia,Collins,2001-12-13,cynthia.collins290@example.com,+1-586-777-0540
291,Brittany,Burke,1959-02-14,brittany.burke291@example.com,413.818.1569
292,Michael,Lane,1957-01-10,michael.lane292@example.com,963.572.4623x54769
293,Cynthia,Brown,1997-03-22,cynthia.brown293@example.com,(608)350-1204
294,Tracy,Patel,1983-01-11,tracy.patel294@example.com,670-729-5290
295,Mackenzie,Gonzales,1997-03-05,mackenzie.gonzales295@example.com,382.706.0486x78773
296,Jasmine,Nixon,1996-10-09,jasmine.nixon296@example.com,4083078187
297,Robert,Myers,1942-04-03,robert.myers297@example.com,+1-644-796-0598x107
298,Andrew,Navarro,1966-01-27,andrew.navarro298@example.com,(787)344-4627
299,Andrew,Rojas,1964-02-15,andrew.rojas299@example.com,+1-874-582-8391x9002
300,Daniel,Choi,1993-03-03,daniel.choi300@example.com,(345)657-5424
301,Scott,Callahan,1955-11-02,scott.callahan301@example.com,+1-237-280-4953
302,Charles,Roberts,1991-05-22,charles.roberts302@example.com,+1-896-306-8838
303,Gabriel,Guzman,1968-04-26,gabriel.guzman303@example.com,2372670902
304,Kathy,Riddle,1968-11-17,kathy.riddle304@example.com,295-674-4650x554
305,Anthony,Preston,1990-07-19,anthony.preston305@example.com,5045530419
306,Andrew,Hammond,1965-07-18,andrew.hammond306@example.com,+1-405-942-4232x3399
307,Keith,Klein,1995-06-26,keith.klein307@example.com,251-594-4887x2465
308,Luke,Mcknight,1936-05-27,luke.mcknight308@example.com,730.745.8697x17694
309,Ashley,Brown,2003-07-17,ashley.brown309@example.com,001-868-909-6496x9137
310,Justin,Roberts,1988-08-16,justin.roberts310@example.com,(946)687-3326x76532
311,Rhonda,Sheppard,1986-10-05,rhonda.sheppard311@example.com,+1-636-495-7945x08480
312,Kimberly,Rubio,1955-08-02,kimberly.rubio312@example.com,914.447.0959x91537
313,Scott,Martinez,1971-07-23,scott.martinez313@example.com,001-453-442-1971
314,William,Burton,2006-08-03,william.burton314@example.com,5486357130
315,Julia,Herrera,1989-02-02,julia.herrera315@example.com,(777)259-7778x32172
316,Austin,Flores,1987-12-16,austin.flores316@example.com,736-210-6874
317,Jon,Fleming,1965-01-25,jon.fleming317@example.com,762.227.0621x1933
318,Louis,Adams,1937-09-23,louis.adams318@example.com,885-865-1157x9257
319,Jennifer,Sullivan,1987-09-07,jennifer.sullivan319@example.com,+1-937-949-1418x291
320,Bruce,Romero,2004-08-13,bruce.romero320@example.com,899-918-3545
321,Sarah,Martinez,1944-05-17,sarah.martinez321@example.com,997.739.6829
322,Lauren,Obrien,1951-09-09,lauren.obrien322@example.com,(534)564-3150x444
323,Virginia,Robinson,1966-04-17,virginia.robinson323@example.com,5609055364
324,Anthony,Gates,1992-09-04,anthony.gates324@example.com,4646115590
325,Bruce,Solomon,1950-07-31,bruce.solomon325@example.com,720-642-3063
326,Christian,Cole,1958-09-27,christian.cole326@example.com,4899734041
327,Jeffrey,Garza,1944-09-23,jeffrey.garza327@example.com,+1-723-846-3290x356
328,Jessica,Hopkins,2000-04-23,jessica.hopkins328@example.com,4738716843
329,Donna,Wagner,1988-07-06,donna.wagner329@example.com,586.582.3429x9309
330,Donald,Hoover,1934-10-28,donald.hoover330@example.com,001-799-818-0465x352
331,James,Day,1946-06-03,james.day331@example.com,(792)903-3954x70320
332,Charles,Browning,1988-08-23,charles.browning332@example.com,001-725-753-5186x769
333,Daniel,Thompson,1982-02-26,daniel.thompson333@example.com,001-502-678-4867x212
334,Ryan,Arnold,1981-03-11,ryan.arnold334@example.com,730-663-1903x4619
335,Louis,Hodges,2005-10-28,louis.hodges335@example.com,896.996.4869x47805
336,Christopher,Rubio,1995-10-29,christopher.rubio336@example.com,2347449923
337,Christopher,Spencer,1991-01-18,christopher.spencer337@example.com,623.538.2732x45010
338,Brett,Briggs,1991-10-24,brett.briggs338@example.com,8924025546
339,Tyler,Copeland,1980-04-12,tyler.copeland339@example.com,+1-672-493-9644
340,Lauren,Ramirez,1977-09-15,lauren.ramirez340@example.com,(650)200-1008x88751
341,Matthew,Contreras,1945-07-24,matthew.contreras341@example.com,579.257.1621
342,Heather,Smith,1963-12-15,heather.smith342@example.com,3168165971
343,Jesus,Washington,1981-07-03,jesus.washington343@example.com,903.583.6345
344,Kyle,Black,1954-08-08,kyle.black344@example.com,+1-377-446-6550x878
345,Elizabeth,Williams,1961-02-27,elizabeth.williams345@example.com,+1-755-954-0542x940
346,Erik,Collins,2003-12-04,erik.collins346@example.com,798.777.2108x80925
347,Debra,Allen,1979-10-21,debra.allen347@example.com,323.820.3629
348,Tracey,Smith,1955-05-20,tracey.smith348@example.com,(955)813-0309x5474
349,Logan,Griffin,1957-04-22,logan.griffin349@example.com,+1-307-504-6162x41114
350,Troy,Moore,1989-08-06,troy.moore350@example.com,+1-798-326-7095
351,Joanna,Lane,1978-09-29,joanna.lane351@example.com,001-385-409-5250
352,Stephanie,Rodriguez,1992-03-27,stephanie.rodriguez352@example.com,(836)325-4113x20602
353,Andrea,Rivera,1987-10-03,andrea.rivera353@example.com,001-732-685-4049x564
354,Jerry,Fisher,2006-02-27,jerry.fisher354@example.com,203-392-0121x768
355,Joseph,Guzman,1940-07-13,joseph.guzman355@example.com,913-464-5575
356,Daniel,Dickerson,1982-07-11,daniel.dickerson356@example.com,943-322-3707
357,Tonya,Shelton,1954-03-28,tonya.shelton357@example.com,571.717.4822x936
358,Justin,Mccormick,1953-10-15,justin.mccormick358@example.com,583.597.5643x75226
359,Amanda,Chapman,1975-12-24,amanda.chapman359@example.com,001-836-543-1698x9496
360,David,Curry,1960-04-10,david.curry360@example.com,448-864-7011
361,Christopher,Rivera,1954-09-13,christopher.rivera361@example.com,+1-529-210-5503
362,Jerry,Estes,1941-02-14,jerry.estes362@example.com,6322073619
363,Micheal,Tran,1948-11-20,micheal.tran363@example.com,(644)658-5793x8926
364,Robert,May,1961-03-29,robert.may364@example.com,(424)206-5783x07211
365,Justin,Bryan,1949-09-23,justin.bryan365@example.com,889-297-1778
366,Scott,Johnson,1938-07-09,scott.johnson366@example.com,(728)578-7597
367,Sean,Bowman,1999-02-25,sean.bowman367@example.com,588-443-7821
368,Sharon,Lopez,1980-06-21,sharon.lopez368@example.com,409-991-4987x909
369,Shaun,Young,1935-03-15,shaun.young369@example.com,(820)897-0703x2722
370,Rebecca,Gonzales,1946-04-24,rebecca.gonzales370@example.com,8642558995
371,Carolyn,Rodgers,1942-03-15,carolyn.rodgers371@example.com,+1-785-323-2032x20040
372,Kristen,Price,1969-10-05,kristen.price372@example.com,749.926.5261x7390
373,Jeffrey,Dudley,1976-04-30,jeffrey.dudley373@example.com,(851)474-0970x86598
374,Cheryl,Cain,1977-09-06,cheryl.cain374@example.com,001-490-663-3320x270
375,Ariel,Reyes,1985-02-22,ariel.reyes375@example.com,266.269.6255x888
376,Tanya,Garcia,1959-03-16,tanya.garcia376@example.com,4788798966
377,Robert,Cortez,1939-06-09,robert.cortez377@example.com,001-362-825-4189
378,Douglas,Flores,1976-12-10,douglas.flores378@example.com,001-557-279-6057x702
379,Michael,Stewart,1994-01-26,michael.stewart379@example.com,374-749-7287
380,Clifford,Nichols,1970-09-12,clifford.nichols380@example.com,(959)336-1031x15131
381,Judy,Ross,2004-08-03,judy.ross381@example.com,316-730-3537x944
382,Calvin,Gutierrez,1975-09-26,calvin.gutierrez382@example.com,001-805-748-4120x003
383,Jasmine,Leonard,1990-03-07,jasmine.leonard383@example.com,+1-951-954-2340
384,Ryan,Kelly,1939-09-01,ryan.kelly384@example.com,532-266-4782x449
385,Tasha,Jackson,1976-08-02,tasha.jackson385@example.com,+1-981-438-3107x731
386,Andrew,Blankenship,1995-11-27,andrew.blankenship386@example.com,462-677-7086x0117
387,Krystal,Green,1988-07-03,krystal.green387@example.com,393.445.5348
388,Nicholas,Campbell,1943-07-15,nicholas.campbell388@example.com,810-219-5229x5502
389,Wyatt,Hogan,1998-06-29,wyatt.hogan389@example.com,(429)597-9530
390,Suzanne,Escobar,1991-08-08,suzanne.escobar390@example.com,(850)971-0478
391,Deanna,Craig,1964-07-10,deanna.craig391@example.com,422.226.0320
392,Katelyn,Mcpherson,1945-06-24,katelyn.mcpherson392@example.com,(700)957-5475x495
393,Andrew,Fry,1974-02-28,andrew.fry393@example.com,(558)502-5357x46971
394,Tracy,Mahoney,1947-02-23,tracy.mahoney394@example.com,5217326678
395,Shawn,Barr,1961-01-15,shawn.barr395@example.com,+1-541-770-1966x15260
396,Sarah,Lawrence,1946-06-11,sarah.lawrence396@example.com,343.991.4501
397,Terri,Mcneil,1949-05-16,terri.mcneil397@example.com,366.746.6789
398,Joan,Matthews,1982-12-25,joan.matthews398@example.com,001-745-585-6925x69186
399,Robert,Wilson,2002-12-12,robert.wilson399@example.com,321-690-5035x277
400,Sheila,Martinez,1996-04-01,sheila.martinez400@example.com,+1-496-323-1682x31744
401,Matthew,Harrison,1961-02-08,matthew.harrison401@example.com,001-734-796-6166x9448
402,Donna,Wolf,1957-10-03,donna.wolf402@example.com,212-287-8040x72121
403,Evelyn,Young,1985-01-13,evelyn.young403@example.com,508.931.9111
404,Joshua,Smith,1982-12-11,joshua.smith404@example.com,(391)690-5676x0988
405,Andrew,Lopez,1976-10-29,andrew.lopez405@example.com,385.642.3500
406,Jamie,Lutz,1996-10-11,jamie.lutz406@example.com,+1-223-424-4828x93563
407,Steven,Taylor,1948-07-22,steven.taylor407@example.com,929.364.2336x2555
408,Kimberly,Diaz,1972-09-30,kimberly.diaz408@example.com,983.783.1445
409,Christopher,Johnson,2001-05-21,christopher.johnson409@example.com,768.931.1872
410,Lucas,Mcmillan,1966-03-04,lucas.mcmillan410@example.com,001-777-686-1528x57899
411,Julie,Davis,1995-01-24,julie.davis411@example.com,374-788-9378
412,Stephanie,Lane,1987-12-19,stephanie.lane412@example.com,943.760.0063x63875
413,Kelly,King,1966-06-09,kelly.king413@example.com,001-783-262-7505
414,John,Phillips,1998-11-14,john.phillips414@example.com,399-519-2449
415,Travis,Ware,1974-08-13,travis.ware415@example.com,001-858-579-5906
416,Kim,Fisher,1946-09-18,kim.fisher416@example.com,(668)923-9114x357
417,Kevin,Hatfield,1966-03-26,kevin.hatfield417@example.com,+1-476-233-8102
418,Courtney,Sullivan,1980-08-27,courtney.sullivan418@example.com,748-652-8761x74111
419,David,Cooper,1981-08-06,david.cooper419@example.com,001-257-385-8815x366
420,David,Curtis,1991-07-23,david.curtis420@example.com,+1-570-436-4241
421,Lisa,Ibarra,1971-03-21,lisa.ibarra421@example.com,660.937.3140
422,William,English,1960-06-15,william.english422@example.com,+1-316-463-5389x04010
423,Brittany,Brown,1992-12-26,brittany.brown423@example.com,755.784.2145x52298
424,Roberta,Lowe,1980-05-07,roberta.lowe424@example.com,001-745-808-1276
425,Ryan,Smith,1939-08-17,ryan.smith425@example.com,001-678-912-9369x696
426,Jeffrey,Medina,1948-07-03,jeffrey.medina426@example.com,001-788-816-8008
427,Bryan,Harris,2002-05-02,bryan.harris427@example.com,393-973-9761x56009
428,Alejandro,Gray,1954-07-15,alejandro.gray428@example.com,(219)971-3493
429,Harold,Howard,1938-11-02,harold.howard429@example.com,676.681.0341
430,Kimberly,Allen,1961-11-21,kimberly.allen430@example.com,787-645-4717
431,Jessica,Brown,1970-05-19,jessica.brown431@example.com,548-966-0296x05802
432,Stephanie,Smith,1968-08-03,stephanie.smith432@example.com,375.989.4972x6358
433,Julia,Ingram,1955-07-18,julia.ingram433@example.com,001-303-918-6588
434,Jennifer,Rodriguez,1980-04-27,jennifer.rodriguez434@example.com,(446)468-1091x49547
435,Alexandria,Wood,1965-03-19,alexandria.wood435@example.com,789.563.6093x97656
436,Jacqueline,Bender,1953-07-15,jacqueline.bender436@example.com,001-664-313-7758
437,Linda,Hughes,1990-11-05,linda.hughes437@example.com,(985)365-4546
438,Nathaniel,Johnston,1969-10-28,nathaniel.johnston438@example.com,443.516.9813x613
439,Roger,Roberts,1981-08-05,roger.roberts439@example.com,+1-928-237-0345x69017
440,Kevin,Johnson,1986-11-15,kevin.johnson440@example.com,516-943-0369x737
441,Joel,Kelly,1996-02-23,joel.kelly441@example.com,967-582-3375x97065
442,Kendra,Salazar,2006-08-05,kendra.salazar442@example.com,290.261.4928
443,Harold,Ruiz,1984-04-17,harold.ruiz443@example.com,6486613558
444,Michael,Anderson,1967-06-08,michael.anderson444@example.com,(306)365-6788
445,James,Ray,1972-10-01,james.ray445@example.com,213.817.8181
446,Brenda,Reyes,1940-04-26,brenda.reyes446@example.com,316-666-0136x6495
447,Rebecca,Allen,2007-09-12,rebecca.allen447@example.com,+1-638-838-7819x0643
448,Melissa,Tucker,2000-11-20,melissa.tucker448@example.com,001-928-451-7879x39715
449,Ricky,Randall,1990-12-29,ricky.randall449@example.com,710.416.5993x01097
450,Mark,House,1984-07-24,mark.house450@example.com,337.530.3551x039
451,Erika,Conway,1964-12-24,erika.conway451@example.com,+1-222-533-0643x068
452,James,Bradley,1987-07-23,james.bradley452@example.com,001-559-448-5789x895
453,Cheyenne,Lyons,1967-11-14,cheyenne.lyons453@example.com,588-470-6801
454,Judy,Brown,1965-04-13,judy.brown454@example.com,001-678-463-6100x4619
455,Antonio,Peterson,1942-10-22,antonio.peterson455@example.com,(790)957-1986x586
456,Angela,Parrish,1937-05-10,angela.parrish456@example.com,(669)962-4875x4860
457,Charles,Santiago,2000-04-15,charles.santiago457@example.com,6534140265
458,Angela,Watkins,1953-10-15,angela.watkins458@example.com,3457308825
459,Amanda,Parker,1986-06-04,amanda.parker459@example.com,500-470-9634x632
460,Richard,Hendrix,1985-04-16,richard.hendrix460@example.com,+1-724-276-3070
461,Mary,Randolph,1961-05-27,mary.randolph461@example.com,842.376.3712x4072
462,Savannah,Carter,1957-12-31,savannah.carter462@example.com,+1-733-687-5526x9728
463,Brad,Johnson,1972-01-15,brad.johnson463@example.com,(757)772-9035x510
464,Dawn,Warren,1938-01-10,dawn.warren464@example.com,969-245-8002
465,Patricia,Knight,1947-06-13,patricia.knight465@example.com,001-209-752-2386x8503
466,Renee,Wilson,1978-11-05,renee.wilson466@example.com,+1-597-948-6580x42253
467,Laura,Mason,1985-02-02,laura.mason467@example.com,5026068423
468,Jason,Campos,1971-05-27,jason.campos468@example.com,001-350-850-7815
469,Calvin,Ruiz,1974-06-06,calvin.ruiz469@example.com,766-351-4807
470,Tanya,Alvarez,1983-12-27,tanya.alvarez470@example.com,529-631-2267
471,Maria,Warren,1969-08-28,maria.warren471@example.com,959-275-6254x221
472,Mario,Ramirez,1970-06-06,mario.ramirez472@example.com,(771)790-6889
473,Stephanie,Robinson,1943-03-05,stephanie.robinson473@example.com,(647)850-8588x51362
474,Gary,Hawkins,1958-03-02,gary.hawkins474@example.com,001-849-580-1477
475,Jason,Lamb,1985-03-10,jason.lamb475@example.com,001-621-535-0874x6664
476,John,Krause,1997-12-15,john.krause476@example.com,651-734-0424x780
477,Walter,Barrett,1942-01-22,walter.barrett477@example.com,251-455-0737
478,Tanya,Roberts,1957-06-09,tanya.roberts478@example.com,(615)725-9951x04279
479,Ian,Hayes,1963-07-01,ian.hayes479@example.com,677.674.7591
480,Adam,Barrett,2000-02-19,adam.barrett480@example.com,594.391.6442x6398
481,Alexandria,Farley,1968-10-23,alexandria.farley481@example.com,001-415-204-5451x190
482,Amanda,Rivera,1968-06-30,amanda.rivera482@example.com,450.354.2503x14413
483,Jennifer,Diaz,1990-11-09,jennifer.diaz483@example.com,001-572-798-2653x1182
484,Aaron,Gomez,2004-06-04,aaron.gomez484@example.com,7793004561
485,Alison,Harrell,1966-01-23,alison.harrell485@example.com,6969110781
486,Jared,Sheppard,2004-05-20,jared.sheppard486@example.com,757-743-7446
487,Christina,Lyons,1967-03-16,christina.lyons487@example.com,781-806-2038
488,Douglas,Atkinson,1940-11-07,douglas.atkinson488@example.com,326-367-9647x713
489,Matthew,Jackson,1985-01-12,matthew.jackson489@example.com,322.216.1676x244
490,Harold,Hunter,1993-06-26,harold.hunter490@example.com,2502830171
491,Lance,George,1993-01-17,lance.george491@example.com,710.962.1615
492,Kenneth,Rogers,1977-05-21,kenneth.rogers492@example.com,+1-374-391-1506x7446
493,Juan,Reynolds,1973-03-12,juan.reynolds493@example.com,774.811.8231
494,David,Cummings,1936-05-10,david.cummings494@example.com,+1-334-564-8478x99147
495,Sally,Hogan,1983-02-02,sally.hogan495@example.com,+1-849-914-4225x03257
496,Linda,King,1947-10-24,linda.king496@example.com,2948284418
497,Erica,Rogers,1993-09-09,erica.rogers497@example.com,441.947.9504
498,James,Miller,1956-02-08,james.miller498@example.com,8525119691
499,Margaret,Gonzalez,1981-11-02,margaret.gonzalez499@example.com,001-908-662-0806x56991
500,Jennifer,Morton,1969-03-18,jennifer.morton500@example.com,691.801.9460
501,John,Schneider,2000-12-13,john.schneider501@example.com,(821)258-8813
502,Amy,Oconnor,1994-06-05,amy.oconnor502@example.com,(628)398-5501
503,Jessica,Pierce,1949-01-25,jessica.pierce503@example.com,921-559-4204x28658
504,Jacqueline,Young,1944-08-02,jacqueline.young504@example.com,511.279.2660x06894
505,Bryan,Evans,1941-10-02,bryan.evans505@example.com,976-856-6546
506,Jeffrey,Williams,1950-01-31,jeffrey.williams506@example.com,+1-620-324-0267
507,Bryan,Pham,1961-10-12,bryan.pham507@example.com,596-844-8741
508,Teresa,Hayes,1991-11-22,teresa.hayes508@example.com,001-467-346-1409x458
509,Michael,Lambert,2004-05-30,michael.lambert509@example.com,001-853-722-9858x80872
510,Erica,Ali,1997-05-20,erica.ali510@example.com,(670)408-6686
511,William,Pennington,2006-02-27,william.pennington511@example.com,355-713-2507
512,Kenneth,Edwards,1967-05-11,kenneth.edwards512@example.com,001-515-986-1030
513,Michael,Rodriguez,1991-11-03,michael.rodriguez513@example.com,+1-365-851-7512
514,Seth,Compton,1978-08-29,seth.compton514@example.com,616.955.0756x3923
515,Marisa,Davis,1942-01-18,marisa.davis515@example.com,001-965-510-2910
516,Cynthia,Coleman,1956-05-28,cynthia.coleman516@example.com,393-697-7063
517,Cheryl,Barker,1972-01-23,cheryl.barker517@example.com,4593321418
518,Matthew,Cooper,1989-05-14,matthew.cooper518@example.com,001-619-399-9245x6591
519,Susan,Rose,1946-10-12,susan.rose519@example.com,(460)510-5968x6557
520,Jessica,Martinez,1942-06-21,jessica.martinez520@example.com,(780)932-0732
521,Bruce,Ray,1955-01-17,bruce.ray521@example.com,331.309.8281
522,Rebecca,Burns,1988-08-17,rebecca.burns522@example.com,001-715-866-9229x4582
523,Stacey,Edwards,1945-04-15,stacey.edwards523@example.com,246-890-5583x8080
524,Christina,Phillips,1965-08-28,christina.phillips524@example.com,+1-901-253-7751
525,Christian,Mitchell,1978-03-16,christian.mitchell525@example.com,566.472.1501
526,Lisa,Brown,2006-02-17,lisa.brown526@example.com,(771)378-8230x79841
527,Peter,Rios,1955-01-01,peter.rios527@example.com,473.953.4260x5082
528,Rachel,Day,1979-10-28,rachel.day528@example.com,001-991-779-0307x17301
529,Pamela,Fuller,1995-08-04,pamela.fuller529@example.com,873-447-7471x713
530,Mary,Horton,1939-03-28,mary.horton530@example.com,665.823.0671
531,Nancy,Davidson,2003-01-05,nancy.davidson531@example.com,001-882-945-4975x0822
532,Jasmine,Baker,2004-10-20,jasmine.baker532@example.com,428-623-7119x5887
533,Phillip,Thomas,1973-03-02,phillip.thomas533@example.com,001-945-996-6236
534,Lori,Parks,1986-08-21,lori.parks534@example.com,001-937-525-7475x789
535,Tiffany,Hayes,1947-12-22,tiffany.hayes535@example.com,4279609348
536,Scott,Johnston,1949-06-21,scott.johnston536@example.com,397.224.6753x25425
537,Linda,Chung,1934-12-07,linda.chung537@example.com,912.589.9007
538,Nancy,Reyes,2001-03-03,nancy.reyes538@example.com,(755)628-0630x72262
539,Mary,Little,1952-04-06,mary.little539@example.com,+1-573-381-8066
540,Laura,Carey,1980-10-27,laura.carey540@example.com,001-668-524-4698x5648
541,Lisa,Dean,1973-06-28,lisa.dean541@example.com,(800)472-3032x634
542,Christopher,Leach,1977-03-24,christopher.leach542@example.com,7917986931
543,Amy,Moore,1973-02-28,amy.moore543@example.com,001-509-888-7287x215
544,Brian,Martinez,1942-09-11,brian.martinez544@example.com,(662)468-5584x786
545,William,Davis,1935-07-12,william.davis545@example.com,001-484-414-4540
546,Joanne,David,2000-06-05,joanne.david546@example.com,254-662-8495x138
547,Holly,Johnson,2004-10-13,holly.johnson547@example.com,4367360994
548,Grant,Bates,1982-03-18,grant.bates548@example.com,462.395.1738
549,Tracy,Glenn,1965-02-19,tracy.glenn549@example.com,914.555.3589
550,James,Kelly,1951-02-02,james.kelly550@example.com,810-992-1494x0044
551,Terry,Thompson,1962-12-26,terry.thompson551@example.com,+1-799-530-1587x1866
552,Austin,Mccormick,1980-06-09,austin.mccormick552@example.com,(287)354-4570x1248
553,Crystal,Perez,1999-12-11,crystal.perez553@example.com,001-562-204-5899
554,Richard,Hall,1946-06-06,richard.hall554@example.com,667.264.6781
555,Sean,Silva,1984-04-10,sean.silva555@example.com,5542079557
556,Shelley,Farrell,1971-12-12,shelley.farrell556@example.com,(631)995-1622x84741
557,Heather,Thompson,2002-01-07,heather.thompson557@example.com,530-544-7046
558,Kelly,Stone,1996-01-23,kelly.stone558@example.com,+1-871-389-9315
559,Julie,Conway,1940-07-17,julie.conway559@example.com,520.967.7353
560,Robert,Ho,1956-11-08,robert.ho560@example.com,778.217.3912x0366
561,Andrea,Williams,1998-10-26,andrea.williams561@example.com,854.427.7851x0484
562,Michael,Sanchez,1976-03-05,michael.sanchez562@example.com,+1-939-615-6855x772
563,Erin,Newman,1971-06-14,erin.newman563@example.com,357.727.8603x421
564,Gail,Berry,1999-12-03,gail.berry564@example.com,001-587-881-5179x88360
565,Angela,Serrano,1991-07-31,angela.serrano565@example.com,001-808-953-8432x0525
566,Julie,Dyer,1941-01-05,julie.dyer566@example.com,5286242132
567,Robert,Maldonado,1978-01-02,robert.maldonado567@example.com,+1-732-972-9926x33263
568,Daniel,Meadows,1963-01-10,daniel.meadows568@example.com,990-753-6314
569,Richard,Burke,2006-03-23,richard.burke569@example.com,3135262117
570,Kristina,Calderon,1940-12-24,kristina.calderon570@example.com,2107513646
571,Lauren,Henderson,1943-02-15,lauren.henderson571@example.com,001-846-707-1744x47808
572,Breanna,Shepard,1997-12-06,breanna.shepard572@example.com,909.354.2022x253
573,Barbara,Allen,1953-03-21,barbara.allen573@example.com,+1-347-214-2254x9399
574,Jennifer,Ward,2006-06-23,jennifer.ward574@example.com,(996)931-2135
575,David,Miller,1941-01-06,david.miller575@example.com,903.559.0490
576,John,Peterson,1984-04-28,john.peterson576@example.com,(917)765-9699x44486
577,Jacob,Harvey,1965-09-09,jacob.harvey577@example.com,+1-305-577-3923x375
578,Susan,Jackson,1944-08-20,susan.jackson578@example.com,8122319858
579,Christopher,Schultz,1999-04-05,christopher.schultz579@example.com,+1-218-372-8264x34123
580,Mike,Odonnell,1964-02-03,mike.odonnell580@example.com,(496)422-4207x918
581,Rodney,Keller,1938-07-08,rodney.keller581@example.com,2105680910
582,Michael,Wright,1945-03-15,michael.wright582@example.com,448.375.2034x1794
583,Daniel,Gonzalez,1980-05-02,daniel.gonzalez583@example.com,(489)460-6477x56964
584,Marcus,Hayes,1962-12-26,marcus.hayes584@example.com,841-860-2002x87027
585,Nathan,Munoz,1964-01-29,nathan.munoz585@example.com,(957)569-6237x371
586,George,Patterson,1973-04-01,george.patterson586@example.com,250.320.0281x29780
587,Curtis,Schneider,1968-03-16,curtis.schneider587@example.com,(243)867-1316x2569
588,Christopher,Barber,1997-04-18,christopher.barber588@example.com,(699)287-0645
589,Raymond,Wiggins,1995-11-17,raymond.wiggins589@example.com,6653237249
590,Hannah,Hughes,1965-07-24,hannah.hughes590@example.com,8708047256
591,Michael,Davidson,1996-08-07,michael.davidson591@example.com,859-779-1017x28433
592,Elizabeth,Cooper,1975-07-09,elizabeth.cooper592@example.com,+1-891-510-7216x69865
593,Brian,Cook,2000-02-02,brian.cook593@example.com,(944)261-7507
594,Anthony,Fletcher,1953-11-01,anthony.fletcher594@example.com,+1-385-694-2824
595,Leah,Mendoza,1940-03-11,leah.mendoza595@example.com,370.939.1851x58827
596,Amy,Garner,1945-10-17,amy.garner596@example.com,+1-979-645-5560x82568
597,Matthew,Soto,1999-07-21,matthew.soto597@example.com,+1-418-609-4991
598,Keith,Hanson,1953-11-18,keith.hanson598@example.com,001-255-560-7369x569
599,Matthew,Reynolds,1970-03-16,matthew.reynolds599@example.com,+1-446-521-5374
600,Angelica,Smith,1939-08-06,angelica.smith600@example.com,9675891181
601,Ricardo,Allen,2002-12-24,ricardo.allen601@example.com,+1-486-786-8175x61323
602,Ryan,Riley,1963-04-28,ryan.riley602@example.com,693.869.8055x99472
603,Christine,Rodgers,1999-04-03,christine.rodgers603@example.com,(591)651-2278
604,Gary,Kerr,1972-04-11,gary.kerr604@example.com,3502798300
605,Judy,Gonzalez,1962-04-02,judy.gonzalez605@example.com,001-874-986-2902x05382
606,Anthony,Stewart,1952-07-21,anthony.stewart606@example.com,+1-850-271-7042x80918
607,Deanna,Clark,1999-04-03,deanna.clark607@example.com,212.550.7326
608,Ronald,Ellis,1977-06-30,ronald.ellis608@example.com,515.393.0195x4040
609,Manuel,Davis,1945-08-10,manuel.davis609@example.com,+1-716-355-1907x200
610,Tiffany,Sandoval,1987-11-22,tiffany.sandoval610@example.com,(546)938-2585
611,Jennifer,Ware,1996-05-06,jennifer.ware611@example.com,+1-518-611-0288x78389
612,Kelli,Wilson,2000-09-23,kelli.wilson612@example.com,(954)240-3198
613,Gail,Dixon,1953-05-06,gail.dixon613@example.com,+1-688-355-6132x66857
614,Alicia,Harris,1944-12-11,alicia.harris614@example.com,7366944949
615,Emily,Colon,2000-12-10,emily.colon615@example.com,001-617-314-0389x243
616,Jessica,Rodriguez,1973-12-19,jessica.rodriguez616@example.com,414-266-2794
617,April,Schultz,1976-09-26,april.schultz617@example.com,001-957-380-4779x89931
618,Pamela,Martin,1947-03-06,pamela.martin618@example.com,752-241-8934x764
619,Kathryn,Bell,1994-01-28,kathryn.bell619@example.com,+1-444-429-8935x383
620,Joseph,Lane,1980-04-03,joseph.lane620@example.com,+1-810-223-9248x08881
621,Karen,Rivera,1955-10-01,karen.rivera621@example.com,001-569-955-9808x704
622,James,Ross,1936-08-10,james.ross622@example.com,285-644-0166
623,Lisa,Bush,1976-04-30,lisa.bush623@example.com,(765)577-2372x1569
624,Christopher,Norris,1944-07-26,christopher.norris624@example.com,5584352352
625,Michael,Bird,1965-02-26,michael.bird625@example.com,6752892801
626,Cameron,Phillips,1957-11-11,cameron.phillips626@example.com,001-564-278-8656x324
627,Brian,Salazar,1959-11-21,brian.salazar627@example.com,+1-988-265-6838x3624
628,Michaela,Hoffman,1975-03-22,michaela.hoffman628@example.com,001-910-292-8320
629,Wesley,Ruiz,1968-11-11,wesley.ruiz629@example.com,(916)243-3535x5710
630,Tracy,Garcia,1938-10-25,tracy.garcia630@example.com,(396)860-2660x367
631,Kristin,Willis,2003-01-07,kristin.willis631@example.com,(377)404-3819
632,John,Collins,1952-05-27,john.collins632@example.com,806.477.9438x8576
633,Frank,Villarreal,2002-08-16,frank.villarreal633@example.com,383-909-8284
634,Collin,King,1982-04-28,collin.king634@example.com,+1-375-511-5537x79235
635,Brian,Huffman,1959-12-29,brian.huffman635@example.com,(532)716-2745
636,Theresa,Myers,1997-05-30,theresa.myers636@example.com,518.675.7743x6330
637,Kevin,Gilbert,1943-08-05,kevin.gilbert637@example.com,(324)232-2182x4464
638,Tammy,Bryant,1946-04-19,tammy.bryant638@example.com,+1-405-987-8578x5543
639,Melanie,Swanson,2000-11-02,melanie.swanson639@example.com,568-690-3948
640,Mark,Robertson,1969-08-26,mark.robertson640@example.com,001-792-398-4622x8659
641,Rachel,Davis,1976-01-30,rachel.davis641@example.com,001-201-704-3703
642,Jesse,Smith,1965-02-01,jesse.smith642@example.com,3172201783
643,Elizabeth,Edwards,1954-07-11,elizabeth.edwards643@example.com,+1-966-922-3667x41277
644,Douglas,Rodgers,1998-03-05,douglas.rodgers644@example.com,(957)290-4209x3883
645,Ashley,Foster,1955-09-06,ashley.foster645@example.com,523.704.1533x15056
646,Elizabeth,Knox,1937-02-18,elizabeth.knox646@example.com,(355)589-0368x5083
647,Kaylee,Morgan,1975-05-24,kaylee.morgan647@example.com,974.512.6440
648,Sarah,Brown,1964-06-20,sarah.brown648@example.com,696.709.4997
649,Phillip,Gallegos,1966-02-09,phillip.gallegos649@example.com,507-549-3871
650,Veronica,Rodriguez,1949-03-05,veronica.rodriguez650@example.com,(734)923-6608x37065
651,Justin,Mullins,1942-08-22,justin.mullins651@example.com,001-393-570-6676x9390
652,William,Guzman,1961-05-17,william.guzman652@example.com,001-834-217-6089x2766
653,Christine,Horn,1996-08-26,christine.horn653@example.com,922-257-7821
654,Edward,Knight,1946-04-05,edward.knight654@example.com,272-867-2035x747
655,Christine,Knight,1997-11-21,christine.knight655@example.com,(953)409-5190
656,Darryl,Mora,1937-04-30,darryl.mora656@example.com,001-463-596-2295x518
657,Karen,Bell,1993-04-23,karen.bell657@example.com,(899)676-7217x530
658,Alyssa,Crane,1980-02-21,alyssa.crane658@example.com,(245)217-5895x64681
659,Richard,Hughes,1962-12-10,richard.hughes659@example.com,972.653.9062x5071
660,Jacqueline,Joyce,2006-12-23,jacqueline.joyce660@example.com,+1-223-533-3845x61412
661,Kristina,Henderson,2005-09-05,kristina.henderson661@example.com,642-346-9074x0588
662,Sara,Acosta,1988-12-28,sara.acosta662@example.com,241.788.3480
663,Michael,Riley,2002-07-19,michael.riley663@example.com,001-534-953-3612x80373
664,Brianna,Simmons,1951-11-02,brianna.simmons664@example.com,5273021318
665,David,Williams,1948-01-20,david.williams665@example.com,(282)782-3145x3045
666,Michael,Turner,1993-07-24,michael.turner666@example.com,563-681-8147x64391
667,Kylie,Garcia,1992-12-02,kylie.garcia667@example.com,+1-875-426-7493
668,Megan,Boyd,1985-11-22,megan.boyd668@example.com,495.716.3998x52661
669,Chelsea,Willis,1971-09-03,chelsea.willis669@example.com,820-362-2289
670,Andrea,Jackson,1990-12-05,andrea.jackson670@example.com,(856)941-7678x22430
671,Wanda,Snow,1992-02-08,wanda.snow671@example.com,893-226-8002x7040
672,Richard,Johnson,1950-02-02,richard.johnson672@example.com,470-210-0990
673,Jane,Mckinney,1950-08-04,jane.mckinney673@example.com,355-540-1111x55974
674,Kelly,Allison,1984-09-06,kelly.allison674@example.com,933-541-4843x653
675,Derrick,Reynolds,1990-10-26,derrick.reynolds675@example.com,001-499-218-5845
676,James,Howard,1981-03-27,james.howard676@example.com,504-418-7197
677,Trevor,Mora,1965-08-26,trevor.mora677@example.com,+1-439-906-7438x6421
678,Robert,Peters,2000-10-31,robert.peters678@example.com,271.564.2219
679,Erika,Reynolds,1974-06-24,erika.reynolds679@example.com,961.213.5390x648
680,Brandon,Farrell,1970-11-06,brandon.farrell680@example.com,+1-766-511-8554x0243
681,Christina,Freeman,1979-02-26,christina.freeman681@example.com,+1-271-846-9282x36594
682,Brian,Armstrong,1997-05-14,brian.armstrong682@example.com,259.520.2510x734
683,Joseph,Cox,2007-08-01,joseph.cox683@example.com,546.592.0149x78430
684,Tracy,Hernandez,1977-04-15,tracy.hernandez684@example.com,497-935-7376x8383
685,Amanda,Mora,1985-08-01,amanda.mora685@example.com,955.536.4734x9789
686,Kenneth,Smith,1987-09-04,kenneth.smith686@example.com,001-804-669-0629
687,Raymond,Harris,1980-10-19,raymond.harris687@example.com,(699)362-8381x213
688,Kimberly,Stephenson,2003-01-25,kimberly.stephenson688@example.com,+1-264-757-4471x78301
689,Andrew,Watson,1984-03-31,andrew.watson689@example.com,781.476.9564
690,Michael,Leblanc,1998-11-17,michael.leblanc690@example.com,617-983-9068x29069
691,Jennifer,Acosta,1935-09-23,jennifer.acosta691@example.com,+1-208-331-7338
692,Travis,White,2002-11-18,travis.white692@example.com,496-539-8507
693,Kathleen,Kim,1978-11-11,kathleen.kim693@example.com,(278)807-1190x5229
694,Ann,Henderson,1967-02-06,ann.henderson694@example.com,001-999-684-6302x7453
695,Destiny,Burton,1949-10-30,destiny.burton695@example.com,(640)455-2763
696,Keith,Ortiz,1935-08-10,keith.ortiz696@example.com,526-459-5037
697,Timothy,Eaton,1959-07-16,timothy.eaton697@example.com,887-240-4096x475
698,Angela,Taylor,1950-01-08,angela.taylor698@example.com,827.584.2505x906
699,Michael,Martinez,1948-12-25,michael.martinez699@example.com,+1-703-842-2353x0381
700,Joseph,Jackson,1997-02-23,joseph.jackson700@example.com,+1-964-991-8911x60664
701,Allison,Howard,1945-09-01,allison.howard701@example.com,001-905-581-1205
702,Alexandra,Fitzpatrick,1955-09-07,alexandra.fitzpatrick702@example.com,001-733-314-2598
703,Brittany,Bass,1942-05-01,brittany.bass703@example.com,(908)384-7781x2460
704,Linda,Wilson,1982-09-27,linda.wilson704@example.com,+1-902-774-7763x382
705,Larry,Barron,1944-03-31,larry.barron705@example.com,629-518-9819x7187
706,Kara,Reynolds,1989-03-21,kara.reynolds706@example.com,+1-909-303-2352x0171
707,Thomas,Charles,1978-04-14,thomas.charles707@example.com,9352951042
708,Steven,Mercado,1963-05-08,steven.mercado708@example.com,942-773-4007
709,Douglas,Sanders,1984-12-21,douglas.sanders709@example.com,438.885.8534
710,Chad,Knight,1975-05-05,chad.knight710@example.com,001-848-532-6329x091
711,Darin,Moore,1962-02-22,darin.moore711@example.com,+1-429-225-0814x96921
712,Sheri,Lopez,1952-11-19,sheri.lopez712@example.com,999-985-6357x76359
713,Jerry,Valdez,1985-04-04,jerry.valdez713@example.com,+1-928-748-8157
714,Amanda,Williams,1989-02-01,amanda.williams714@example.com,001-565-832-6863
715,Mary,Yang,1984-09-03,mary.yang715@example.com,001-844-268-2542x42100
716,Tiffany,Dunn,2004-02-24,tiffany.dunn716@example.com,727.600.8493
717,Kurt,Owen,1958-12-23,kurt.owen717@example.com,671.760.9765x147
718,Cody,Lopez,1947-12-28,cody.lopez718@example.com,(700)229-3935x18122
719,Julia,Taylor,1961-02-25,julia.taylor719@example.com,305-670-0980x1035
720,Dana,Bruce,1978-10-19,dana.bruce720@example.com,001-835-259-8567x1465
721,Michael,Graham,1968-02-12,michael.graham721@example.com,397.548.1642
722,Matthew,Alexander,1963-10-20,matthew.alexander722@example.com,248.263.8820
723,James,Watkins,1944-09-10,james.watkins723@example.com,(256)557-9711x396
724,Kayla,Randall,1999-04-07,kayla.randall724@example.com,+1-494-626-9916x136
725,Michael,Cooper,1937-12-31,michael.cooper725@example.com,217.393.3420x164
726,Jamie,Robinson,1939-08-25,jamie.robinson726@example.com,2696053586
727,Gary,Lopez,1984-05-14,gary.lopez727@example.com,815.576.7307
728,Thomas,Taylor,1980-05-06,thomas.taylor728@example.com,(271)326-1173x061
729,Elijah,Fuller,1967-10-31,elijah.fuller729@example.com,(253)778-6763x705
730,Stephen,Dixon,1983-09-12,stephen.dixon730@example.com,(963)981-3987x199
731,Bradley,Irwin,1958-11-11,bradley.irwin731@example.com,(977)825-5083x8783
732,Karen,Hill,1980-01-23,karen.hill732@example.com,495.278.9366x6180
733,Lisa,Parks,1984-01-30,lisa.parks733@example.com,934.321.7347x214
734,James,Price,1954-05-31,james.price734@example.com,559-840-4063x50555
735,David,Gardner,1989-11-13,david.gardner735@example.com,(282)673-0294
736,William,Cherry,1938-08-25,william.cherry736@example.com,299.828.2655x298
737,Zachary,Graham,1987-12-19,zachary.graham737@example.com,(714)859-0029
738,William,Valenzuela,1966-08-17,william.valenzuela738@example.com,+1-811-750-7273x3893
739,Kathryn,Stewart,1941-12-16,kathryn.stewart739@example.com,(291)841-5841
740,Jonathan,Marquez,1958-04-07,jonathan.marquez740@example.com,+1-618-918-6715x8642
741,David,Huerta,1959-02-20,david.huerta741@example.com,810-738-3181
742,Rodney,Thomas,1992-02-12,rodney.thomas742@example.com,928-880-9493x1039
743,Matthew,Nelson,1944-06-15,matthew.nelson743@example.com,(408)711-9031x9299
744,Maria,Goodman,1964-07-25,maria.goodman744@example.com,539.282.6174x2535
745,Wendy,Robinson,1986-12-04,wendy.robinson745@example.com,610-442-1792x551
746,Joshua,Brennan,1997-06-20,joshua.brennan746@example.com,+1-906-736-5120
747,Andrea,Huffman,1983-03-31,andrea.huffman747@example.com,304.242.2928x4446
748,Wanda,Dodson,1941-05-31,wanda.dodson748@example.com,001-898-958-4275
749,Lindsey,Boyd,1979-12-16,lindsey.boyd749@example.com,857-590-6291x2123
750,Kaitlyn,Cole,1959-02-20,kaitlyn.cole750@example.com,+1-765-214-5374x124
751,Beverly,Nichols,1999-04-04,beverly.nichols751@example.com,001-598-395-3828
752,Michael,Wilson,1959-06-12,michael.wilson752@example.com,5113972263
753,John,Fernandez,1951-09-08,john.fernandez753@example.com,+1-935-554-0565
754,Ryan,Castro,2005-04-08,ryan.castro754@example.com,357-786-5715
755,Kimberly,Murray,1997-01-07,kimberly.murray755@example.com,932.816.4565x322
756,Shane,Reese,2004-05-04,shane.reese756@example.com,(503)470-3193x02856
757,Anna,Bennett,2007-03-06,anna.bennett757@example.com,5752727911
758,Jamie,Delacruz,1941-08-21,jamie.delacruz758@example.com,+1-283-306-0229x71027
759,Carl,Conner,1938-01-29,carl.conner759@example.com,7959396682
760,Michael,Williams,1943-04-13,michael.williams760@example.com,001-494-355-9415x77426
761,Johnny,Morrison,1935-09-07,johnny.morrison761@example.com,+1-361-644-4617x4358
762,Margaret,Harris,1942-08-25,margaret.harris762@example.com,(571)971-4500
763,Brian,Zhang,1988-09-25,brian.zhang763@example.com,(807)487-6681
764,Joshua,Moore,1935-07-20,joshua.moore764@example.com,849.564.6878x0057
765,Cynthia,Paul,2002-02-04,cynthia.paul765@example.com,413-568-1569x0005
766,William,Mcdonald,1985-06-15,william.mcdonald766@example.com,(785)770-9463x02067
767,Maria,Aguilar,1944-09-17,maria.aguilar767@example.com,+1-786-302-8323x63466
768,Kristin,Johnson,1941-03-08,kristin.johnson768@example.com,501.289.0266x754
769,William,Smith,1985-07-23,william.smith769@example.com,(358)879-7095
770,Abigail,Li,1953-09-28,abigail.li770@example.com,001-409-434-1747x477
771,Kimberly,Thomas,1949-06-04,kimberly.thomas771@example.com,001-774-464-7946x93789
772,Jenna,Dickerson,1942-05-06,jenna.dickerson772@example.com,4768548978
773,Carl,Hughes,1936-02-18,carl.hughes773@example.com,5133023734
774,Steven,Lane,1941-01-15,steven.lane774@example.com,397-241-4861x084
775,Deanna,Lee,1992-02-27,deanna.lee775@example.com,2265834951
776,Catherine,Mayer,1966-02-10,catherine.mayer776@example.com,(728)218-1880x065
777,Sydney,Mcclain,1936-04-03,sydney.mcclain777@example.com,001-953-440-6964x5743
778,Kim,Young,1957-03-16,kim.young778@example.com,(596)716-2795
779,Steven,Watson,1992-12-21,steven.watson779@example.com,4336766017
780,Michael,Nichols,1978-07-22,michael.nichols780@example.com,6172404542
781,Jermaine,Huang,1972-06-26,jermaine.huang781@example.com,608.705.1367
782,Jennifer,Sellers,1996-12-06,jennifer.sellers782@example.com,+1-646-211-3471x6673
783,Alyssa,Aguirre,1967-07-27,alyssa.aguirre783@example.com,403.948.8343x9962
784,Tamara,Adams,1950-10-27,tamara.adams784@example.com,4464841811
785,Diana,Gutierrez,1964-11-06,diana.gutierrez785@example.com,+1-802-894-0508x24651
786,James,Bowman,1943-04-07,james.bowman786@example.com,283-807-8023x69504
787,Christopher,Anderson,1943-11-07,christopher.anderson787@example.com,(431)421-0186x50806
788,Brenda,Evans,1960-05-13,brenda.evans788@example.com,(731)835-8947x739
789,Amanda,Schmitt,2001-06-14,amanda.schmitt789@example.com,903.206.6393x49604
790,Gary,Frank,1980-07-16,gary.frank790@example.com,+1-863-870-4028x42861
791,Elizabeth,Travis,1939-01-04,elizabeth.travis791@example.com,(445)855-5393x230
792,Dorothy,Ramos,2007-03-23,dorothy.ramos792@example.com,786.817.8882x6384
793,Erin,Mclaughlin,2000-05-24,erin.mclaughlin793@example.com,(791)442-1715x17341
794,Steven,Lee,1948-02-17,steven.lee794@example.com,476-679-9698x43893
795,Jacob,Jones,1939-02-17,jacob.jones795@example.com,(732)759-1115
796,Desiree,Robertson,1972-03-13,desiree.robertson796@example.com,+1-554-583-3820
797,Brian,Smith,1956-08-25,brian.smith797@example.com,(535)820-1587
798,Benjamin,Kirby,1951-08-08,benjamin.kirby798@example.com,+1-533-403-6348x1665
799,Jessica,Reynolds,1942-08-13,jessica.reynolds799@example.com,+1-579-713-3386
800,Kaitlyn,Hernandez,1945-09-20,kaitlyn.hernandez800@example.com,+1-315-616-0499x657
801,Raymond,Gill,1995-07-16,raymond.gill801@example.com,+1-287-739-1888x67822
802,Heather,Woods,1941-02-11,heather.woods802@example.com,+1-299-454-5499x417
803,Jasmine,Nunez,2007-09-18,jasmine.nunez803@example.com,+1-561-690-3418x756
804,James,Velazquez,1979-04-17,james.velazquez804@example.com,280-596-4001x375
805,Nathaniel,Deleon,1937-02-13,nathaniel.deleon805@example.com,3809065344
806,Christina,Chavez,1984-11-18,christina.chavez806@example.com,+1-306-608-6406x179
807,Edward,Reed,1978-01-10,edward.reed807@example.com,(890)277-5169x24981
808,Jessica,Lawson,1958-12-30,jessica.lawson808@example.com,+1-491-873-0030
809,Ariel,Thompson,1978-01-03,ariel.thompson809@example.com,813-648-0844
810,Jessica,Avila,1946-03-14,jessica.avila810@example.com,977.334.8129x324
811,Chase,Miller,1969-08-08,chase.miller811@example.com,+1-220-272-2030x970
812,Joanne,Matthews,1956-11-28,joanne.matthews812@example.com,001-936-821-1246
813,Meredith,Lawrence,1994-10-14,meredith.lawrence813@example.com,001-961-603-6723
814,William,Randall,1971-03-12,william.randall814@example.com,657-229-5853x61405
815,Nicole,Kennedy,1974-03-01,nicole.kennedy815@example.com,5586260225
816,Jesse,Carr,1986-09-03,jesse.carr816@example.com,+1-907-689-2849
817,Jamie,Douglas,1992-11-25,jamie.douglas817@example.com,(486)769-2830x0691
818,Ryan,Williams,1950-05-17,ryan.williams818@example.com,657.964.9441x28526
819,Suzanne,Garza,1975-07-20,suzanne.garza819@example.com,602.893.7073x952
820,Melvin,Fletcher,1939-10-11,melvin.fletcher820@example.com,(933)348-7357x121
821,Steven,Grant,1958-08-13,steven.grant821@example.com,+1-871-928-1694x0486
822,Tanya,Long,1999-10-14,tanya.long822@example.com,910.247.2897x11344
823,Karen,Edwards,1977-12-03,karen.edwards823@example.com,999-421-3813
824,David,Cardenas,1993-09-28,david.cardenas824@example.com,+1-619-291-9840x7853
825,Tiffany,Duran,1989-04-22,tiffany.duran825@example.com,(721)380-7543x347
826,Douglas,Williams,1951-02-11,douglas.williams826@example.com,+1-449-998-7098
827,Megan,Reed,1987-10-31,megan.reed827@example.com,371-626-0373
828,Rachel,James,1937-08-06,rachel.james828@example.com,574.789.3913x5944
829,Brenda,Evans,1991-06-20,brenda.evans829@example.com,(852)670-5288x9766
830,Alexandra,Castillo,1994-11-01,alexandra.castillo830@example.com,657.303.7510
831,Tara,Shaw,1998-12-18,tara.shaw831@example.com,(637)220-5539x482
832,Melissa,Burke,1962-05-31,melissa.burke832@example.com,001-278-749-9993x22413
833,Katie,Day,1968-08-12,katie.day833@example.com,(392)760-3070x708
834,Timothy,Jones,1959-05-05,timothy.jones834@example.com,505-513-0194x478
835,David,Gonzalez,1953-01-07,david.gonzalez835@example.com,9247135054
836,Lindsey,Mason,1959-05-15,lindsey.mason836@example.com,446.869.4037x29530
837,Kathleen,Liu,1992-05-10,kathleen.liu837@example.com,289.490.9690x23245
838,Morgan,Ramos,1952-11-19,morgan.ramos838@example.com,(864)724-5519x369
839,Nathan,Warren,1968-03-28,nathan.warren839@example.com,450.884.2952
840,Emily,Jones,1983-12-13,emily.jones840@example.com,369-472-7633x19539
841,Ruth,Park,2001-11-13,ruth.park841@example.com,001-950-397-3055x3476
842,Melissa,Hernandez,1965-03-22,melissa.hernandez842@example.com,3415521129
843,William,Williams,2002-03-20,william.williams843@example.com,+1-492-830-5050x5892
844,John,Robinson,2004-05-30,john.robinson844@example.com,(526)784-2519x39420
845,Derek,Fox,1983-11-05,derek.fox845@example.com,+1-454-906-9684x187
846,Susan,Richardson,1991-08-21,susan.richardson846@example.com,(736)674-6066x84705
847,Kevin,Hanson,1993-04-22,kevin.hanson847@example.com,001-966-669-3933x035
848,Robin,Moore,1945-05-17,robin.moore848@example.com,001-348-705-6699x2471
849,Christopher,White,1953-12-26,christopher.white849@example.com,380.517.6287x7386
850,Travis,Flynn,1977-11-18,travis.flynn850@example.com,(220)316-9339x26613
851,Shaun,Anderson,1955-11-03,shaun.anderson851@example.com,7762574829
852,Heather,Webb,1954-02-23,heather.webb852@example.com,001-815-896-8970x591
853,Debra,Anderson,1958-08-05,debra.anderson853@example.com,001-645-333-3474
854,James,Williams,1997-08-04,james.williams854@example.com,(550)200-4062
855,Andrea,Chen,1982-10-09,andrea.chen855@example.com,8405153590
856,Amy,Swanson,1940-11-18,amy.swanson856@example.com,+1-979-488-8944x76357
857,Jennifer,Hoffman,1980-06-27,jennifer.hoffman857@example.com,+1-282-480-9440x93753
858,Mary,Miller,1961-07-10,mary.miller858@example.com,349-415-0953x081
859,Sheila,Reed,1939-09-05,sheila.reed859@example.com,388.810.2888x922
860,Michael,Rowland,1954-01-19,michael.rowland860@example.com,001-756-319-5832x1783
861,Patricia,Mcdowell,1979-10-23,patricia.mcdowell861@example.com,001-504-541-4611x53449
862,Mallory,Hansen,2007-04-12,mallory.hansen862@example.com,001-748-743-6190x5207
863,Timothy,Maxwell,1972-08-17,timothy.maxwell863@example.com,783-903-4763x0660
864,Mark,Sullivan,1949-06-25,mark.sullivan864@example.com,+1-529-418-9548
865,Kaitlin,Dougherty,1993-06-27,kaitlin.dougherty865@example.com,+1-796-935-7209
866,Rodney,Watkins,1940-06-10,rodney.watkins866@example.com,001-291-325-4838x973
867,Eugene,Anthony,1963-08-19,eugene.anthony867@example.com,001-475-788-0196
868,Calvin,Wright,1981-08-31,calvin.wright868@example.com,+1-637-420-6571
869,Devin,Morrow,2005-08-17,devin.morrow869@example.com,3977601210
870,Max,Underwood,1950-12-30,max.underwood870@example.com,(777)715-1112x041
871,Catherine,Wagner,1975-05-02,catherine.wagner871@example.com,(518)422-8461
872,Emma,Johnston,2002-11-16,emma.johnston872@example.com,001-230-839-9580x3610
873,David,Woods,1985-06-08,david.woods873@example.com,6047457947
874,Samuel,Meyers,1940-09-01,samuel.meyers874@example.com,331-820-0289
875,Stacey,Wiggins,1981-12-16,stacey.wiggins875@example.com,906.754.2946x3404
876,Adam,Martin,1940-11-04,adam.martin876@example.com,9685976291
877,Bailey,Norman,1944-02-15,bailey.norman877@example.com,915-944-2948x98927
878,Derrick,Ryan,1978-09-15,derrick.ryan878@example.com,001-457-515-2000x891
879,Douglas,Dean,1965-02-22,douglas.dean879@example.com,2877885597
880,Rhonda,Gamble,1972-07-01,rhonda.gamble880@example.com,+1-904-345-9475x59537
881,Joseph,Mcdonald,1935-02-07,joseph.mcdonald881@example.com,(240)923-3436
882,Anne,Stark,1954-08-24,anne.stark882@example.com,(682)822-0162x11749
883,Brandon,Williams,1953-01-19,brandon.williams883@example.com,(224)415-4370
884,Daniel,Olson,1949-06-16,daniel.olson884@example.com,+1-549-735-3656x6683
885,James,Miller,1957-02-04,james.miller885@example.com,(974)895-7651
886,Angela,Clayton,1970-08-10,angela.clayton886@example.com,(609)428-1360
887,Jeremy,Campbell,1995-07-14,jeremy.campbell887@example.com,(445)364-7625x9817
888,Monica,Bennett,1937-07-17,monica.bennett888@example.com,+1-546-496-2066x3233
889,John,Mcmahon,2001-05-16,john.mcmahon889@example.com,001-894-730-2446x159
890,Shane,Smith,1969-05-05,shane.smith890@example.com,+1-468-553-4285x069
891,Sharon,Paul,1970-04-12,sharon.paul891@example.com,+1-466-636-4580x46397
892,Patricia,Williams,1951-06-19,patricia.williams892@example.com,(833)726-1271x87564
893,Julie,Gonzalez,1951-06-06,julie.gonzalez893@example.com,702.205.4919x2269
894,Zachary,Hudson,1954-02-25,zachary.hudson894@example.com,934-642-7432x1343
895,Steven,Cardenas,1989-09-27,steven.cardenas895@example.com,001-368-615-5658
896,Elizabeth,Keith,1982-03-18,elizabeth.keith896@example.com,001-894-488-3594
897,Keith,Cortez,1995-04-02,keith.cortez897@example.com,6593790341
898,James,Mitchell,1980-08-08,james.mitchell898@example.com,001-244-921-0167x984
899,Amanda,Irwin,1984-03-18,amanda.irwin899@example.com,001-652-747-6615x04446
900,Edward,Miller,1948-01-14,edward.miller900@example.com,+1-431-267-5740x62814
901,David,Lamb,1983-08-30,david.lamb901@example.com,(577)512-1204x29674
902,Cathy,Melendez,1978-02-04,cathy.melendez902@example.com,315-804-5494x159
903,Brent,West,1964-10-22,brent.west903@example.com,313.446.0534x83053
904,Timothy,Gonzales,1981-03-28,timothy.gonzales904@example.com,(372)859-4164
905,William,Gonzalez,1946-09-11,william.gonzalez905@example.com,001-405-511-5902x32643
906,Thomas,Avila,2000-10-07,thomas.avila906@example.com,263.552.0212x192
907,Kyle,Adams,1971-04-04,kyle.adams907@example.com,437.467.8023x89221
908,Jason,Taylor,1948-06-28,jason.taylor908@example.com,+1-286-759-4056x9592
909,Sarah,Leach,1993-04-27,sarah.leach909@example.com,860-383-2710x87592
910,Charles,Cervantes,1974-09-15,charles.cervantes910@example.com,+1-418-406-1326x01761
911,Joanne,Day,1989-05-12,joanne.day911@example.com,001-668-206-9769x962
912,Michael,Thompson,1944-02-20,michael.thompson912@example.com,255.691.6585x140
913,Jessica,Adams,1940-12-15,jessica.adams913@example.com,001-405-640-7775x549
914,Peter,Smith,1960-08-05,peter.smith914@example.com,(570)554-3989x9945
915,Carla,Smith,2006-05-06,carla.smith915@example.com,3875724158
916,James,Moore,1995-09-25,james.moore916@example.com,001-470-818-0906x365
917,Deanna,Carlson,1935-07-22,deanna.carlson917@example.com,+1-440-202-6519
918,Debbie,Cruz,1984-07-23,debbie.cruz918@example.com,685.458.8147x946
919,Timothy,Martinez,1990-07-27,timothy.martinez919@example.com,001-821-244-4948x446
920,Melissa,Copeland,1957-12-13,melissa.copeland920@example.com,921.699.7971
921,Ashley,Carrillo,1983-08-25,ashley.carrillo921@example.com,+1-814-462-2766x04108
922,Ashlee,Gonzalez,1967-12-04,ashlee.gonzalez922@example.com,+1-425-650-7540x42793
923,Krista,Davis,1989-10-19,krista.davis923@example.com,(715)634-5408x5668
924,David,Harris,1943-11-19,david.harris924@example.com,(782)560-1684
925,Linda,Zhang,2006-09-08,linda.zhang925@example.com,+1-731-829-0121x83363
926,Tonya,George,1966-09-10,tonya.george926@example.com,(761)560-0855x64569
927,Lee,Farmer,1944-04-16,lee.farmer927@example.com,(294)665-4750
928,Rhonda,Scott,1976-12-07,rhonda.scott928@example.com,974-243-4831
929,Becky,Huynh,1939-03-10,becky.huynh929@example.com,818.604.6569
930,Melissa,Nguyen,1946-11-24,melissa.nguyen930@example.com,872.319.7945x7171
931,Deborah,Mccarty,1990-07-12,deborah.mccarty931@example.com,911.647.9623x07734
932,Anthony,Lynch,1958-08-01,anthony.lynch932@example.com,5312369321
933,Samuel,Young,1953-11-05,samuel.young933@example.com,001-209-488-9155x2847
934,Robert,May,1967-11-30,robert.may934@example.com,4378745442
935,Jill,Gardner,1978-08-13,jill.gardner935@example.com,504.458.7394x164
936,Erika,Bennett,1999-08-24,erika.bennett936@example.com,627.988.7888
937,Alicia,Warren,1940-11-07,alicia.warren937@example.com,(204)410-5625x449
938,Randy,Herrera,1985-08-06,randy.herrera938@example.com,534-471-7132x524
939,Katie,White,2001-05-21,katie.white939@example.com,6976836063
940,Allison,Diaz,1949-04-20,allison.diaz940@example.com,495.973.7662
941,Samantha,Cuevas,1954-10-02,samantha.cuevas941@example.com,001-434-224-7610
942,Megan,Ramos,1938-08-17,megan.ramos942@example.com,5784746199
943,Jorge,Walsh,1963-07-25,jorge.walsh943@example.com,(718)997-2158
944,John,Sexton,1942-07-01,john.sexton944@example.com,+1-522-676-9108x83504
945,Sarah,Smith,1988-01-19,sarah.smith945@example.com,(340)493-3668x93720
946,Sean,Howard,1943-02-03,sean.howard946@example.com,901.434.8296
947,Jonathan,Johnson,1983-03-14,jonathan.johnson947@example.com,4108731525
948,Lisa,Ruiz,1971-04-05,lisa.ruiz948@example.com,(245)357-0838
949,Erica,Wall,1948-03-05,erica.wall949@example.com,001-342-450-4624x8550
950,Robin,Barron,1953-04-04,robin.barron950@example.com,873.946.2851
951,Dennis,Gomez,1949-03-05,dennis.gomez951@example.com,734.282.4685x34901
952,Anthony,Palmer,1983-12-16,anthony.palmer952@example.com,001-253-699-0413
953,Lee,Peterson,1955-09-15,lee.peterson953@example.com,+1-785-239-8165x36927
954,Wesley,Rodriguez,1942-05-03,wesley.rodriguez954@example.com,001-930-403-1116x8092
955,Melanie,Evans,1968-04-10,melanie.evans955@example.com,+1-595-298-9275x61479
956,Joshua,Dawson,2005-03-30,joshua.dawson956@example.com,001-977-714-9038x89624
957,Mary,Long,1963-01-26,mary.long957@example.com,7105711570
958,Bryan,Lewis,1938-05-14,bryan.lewis958@example.com,001-961-418-0340
959,Carol,Miller,2003-11-10,carol.miller959@example.com,217-914-6884
960,Matthew,Brown,1964-01-08,matthew.brown960@example.com,376-677-1227x40286
961,David,Collins,1936-07-07,david.collins961@example.com,001-549-241-4442x920
962,Jessica,Arroyo,1996-05-23,jessica.arroyo962@example.com,425-267-4459
963,Dennis,Howell,1957-03-13,dennis.howell963@example.com,5547503821
964,Jenny,Smith,1950-04-04,jenny.smith964@example.com,(611)452-6087
965,Justin,Smith,1971-06-25,justin.smith965@example.com,(938)341-0129
966,Kevin,Bray,2001-09-17,kevin.bray966@example.com,001-531-977-5979x5580
967,Carla,Cochran,1988-10-05,carla.cochran967@example.com,(357)970-4306
968,Jennifer,Bowman,1972-07-30,jennifer.bowman968@example.com,869.809.0879x307
969,Caroline,Patterson,1965-12-09,caroline.patterson969@example.com,871.426.2689x796
970,Grace,Lewis,1992-08-08,grace.lewis970@example.com,+1-749-587-4911x472
971,Carol,Farrell,1968-12-07,carol.farrell971@example.com,+1-209-698-1641x83624
972,Christopher,Lewis,1995-05-03,christopher.lewis972@example.com,001-269-675-2346x5766
973,Hannah,Gordon,1971-03-06,hannah.gordon973@example.com,(607)803-1573x22452
974,Margaret,Benjamin,1945-11-02,margaret.benjamin974@example.com,670-866-9940x1224
975,Christopher,Moore,1940-09-19,christopher.moore975@example.com,3666966617
976,Alejandro,Woods,1945-10-27,alejandro.woods976@example.com,2909720771
977,Crystal,Cole,2007-04-09,crystal.cole977@example.com,001-501-683-0374x03838
978,Jade,Bates,1952-04-11,jade.bates978@example.com,949.448.1089x209
979,Megan,Martinez,1995-03-27,megan.martinez979@example.com,613.938.1763x7934
980,Jessica,Payne,2007-05-20,jessica.payne980@example.com,+1-987-427-5328
981,Heather,Hudson,1983-06-15,heather.hudson981@example.com,693-472-1817x077
982,Dennis,Evans,1967-12-06,dennis.evans982@example.com,+1-475-769-3045x804
983,Alexander,Fox,1945-07-07,alexander.fox983@example.com,(220)412-3621x9378
984,Anne,Hawkins,1941-07-13,anne.hawkins984@example.com,+1-237-490-3561x994
985,Amber,Miller,1938-12-20,amber.miller985@example.com,(618)985-8596x11270
986,Tyler,Curtis,1961-04-25,tyler.curtis986@example.com,+1-558-846-1037
987,Bryan,Williams,1998-07-19,bryan.williams987@example.com,907.913.3103
988,Teresa,Kelly,1956-01-23,teresa.kelly988@example.com,437-494-2567
989,Brittany,Phillips,1997-01-05,brittany.phillips989@example.com,230-876-1137x07495
990,John,Lewis,1998-12-23,john.lewis990@example.com,820.615.8627
991,Jacqueline,Mack,1978-09-28,jacqueline.mack991@example.com,225-571-9686x936
992,Robin,Ray,1935-10-19,robin.ray992@example.com,001-211-896-7275
993,Philip,Jones,2004-11-05,philip.jones993@example.com,(320)359-7037
994,Isaac,Jackson,1977-04-18,isaac.jackson994@example.com,739-357-5398x04415
995,Angela,Hill,1999-07-31,angela.hill995@example.com,(594)591-7473
996,Susan,Kent,1956-08-13,susan.kent996@example.com,+1-548-635-1471x43594
997,John,Lee,1960-05-30,john.lee997@example.com,(671)982-9669
998,Arthur,Cox,2006-06-06,arthur.cox998@example.com,918-550-2939x35448
999,Emily,Butler,1959-01-08,emily.butler999@example.com,289-363-5329x823
1000,Karen,Matthews,1945-03-18,karen.matthews1000@example.com,(694)838-2476
